hp_setting,split,optimal,accuracy,balanced_accuracy
e1_simpleLR,1,False,0.5666666666666667,0.5666666666666667
e2_simpleLR,1,False,0.8666666666666667,0.8666666666666667
