hp_setting,split,accuracy,balanced_accuracy
e1_simpleLR,1,0.5238095238095238,0.5
e2_simpleLR,1,0.8571428571428571,0.8636363636363636
